1889	PMO26-544	400	PAI-21
1918	PMO26-559	407	PAI-28
2215	PMO26-599	408	PAI-29
2337	PMO26-624	409	PAI-30
1890	PMO26-545	410	PAI-31
1891	PMO26-546	411	PAI-32
1892	PMO26-547	412	PAI-33
1893	PMO26-548	413	PAI-34
1894	PMO26-549	414	PAI-35
1895	PMO26-550	415	PAI-36
1896	PMO26-551	416	PAI-37
1897	PMO26-552	417	PAI-38
1898	PMO26-553	418	PAI-39
1899	PMO26-554	419	PAI-40
1900	PMO26-555	420	PAI-41
1901	PMO26-556	421	PAI-42
1902	PMO26-557	422	PAI-43
1903	PMO26-558	423	PAI-44
1932	PMO26-571	424	PAI-45
1969	PMO26-572	425	PAI-46
1970	PMO26-573	426	PAI-47
1971	PMO26-574	427	PAI-48
1972	PMO26-575	428	PAI-49
1973	PMO26-576	429	PAI-50
1974	PMO26-577	430	PAI-51
1975	PMO26-578	431	PAI-52
1919	PMO26-560	432	PAI-53
1920	PMO26-561	433	PAI-54
1921	PMO26-562	434	PAI-55
1922	PMO26-563	435	PAI-56
1923	PMO26-564	436	PAI-57
1924	PMO26-565	437	PAI-58
1925	PMO26-566	438	PAI-59
1926	PMO26-567	439	PAI-60
1927	PMO26-568	440	PAI-61
1928	PMO26-569	441	PAI-62
1929	PMO26-570	442	PAI-63
2216	PMO26-600	443	PAI-64
2217	PMO26-601	444	PAI-65
2218	PMO26-602	445	PAI-66
2219	PMO26-603	446	PAI-67
2220	PMO26-604	447	PAI-68
2221	PMO26-605	448	PAI-69
2222	PMO26-606	449	PAI-70
2223	PMO26-607	450	PAI-71
2224	PMO26-608	451	PAI-72
2338	PMO26-625	452	PAI-73
2339	PMO26-626	453	PAI-74
2340	PMO26-627	454	PAI-75
2341	PMO26-628	455	PAI-76
2342	PMO26-629	456	PAI-77
2343	PMO26-630	457	PAI-78
2344	PMO26-631	458	PAI-79
2345	PMO26-632	459	PAI-80
2346	PMO26-633	460	PAI-81
2347	PMO26-634	461	PAI-82
